Title,City,Location,Price (Lakhs),Area (sqft),Bedrooms
1 BHK Apartment in Andheri,Mumbai,Andheri,337.0,840 sqft,1 BHK
1 BHK Apartment in Bandra,Mumbai,Bandra,337.0,325 sqft,1 BHK
1 BHK Apartment in Borivali,Mumbai,Borivali,337.0,840 sqft,1 BHK
1 BHK Apartment in Powai,Mumbai,Powai,337.0,325 sqft,1 BHK
1 BHK Apartment in Goregaon,Mumbai,Goregaon,337.0,840 sqft,1 BHK
1 BHK Apartment in Malad,Mumbai,Malad,337.0,325 sqft,1 BHK
2 BHK Apartment in Borivali,Mumbai,Borivali,337.0,840 sqft,2 BHK
2 BHK Apartment in Powai,Mumbai,Powai,337.0,325 sqft,2 BHK
2 BHK Apartment in Goregaon,Mumbai,Goregaon,337.0,840 sqft,2 BHK
2 BHK Apartment in Malad,Mumbai,Malad,337.0,325 sqft,2 BHK
2 BHK Apartment in Thane,Mumbai,Thane,337.0,840 sqft,2 BHK
2 BHK Apartment in Navi Mumbai,Mumbai,Navi Mumbai,337.0,325 sqft,2 BHK
3 BHK Apartment in Goregaon,Mumbai,Goregaon,337.0,840 sqft,3 BHK
3 BHK Apartment in Malad,Mumbai,Malad,337.0,325 sqft,3 BHK
3 BHK Apartment in Thane,Mumbai,Thane,337.0,840 sqft,3 BHK
3 BHK Apartment in Navi Mumbai,Mumbai,Navi Mumbai,337.0,325 sqft,3 BHK
3 BHK Apartment in Kandivali,Mumbai,Kandivali,337.0,840 sqft,3 BHK
1 BHK Apartment in Bandra,Mumbai,Bandra,15.91,325 sqft,1 BHK
1 BHK Apartment in Borivali,Mumbai,Borivali,15.91,840 sqft,1 BHK
1 BHK Apartment in Powai,Mumbai,Powai,15.91,325 sqft,1 BHK
1 BHK Apartment in Goregaon,Mumbai,Goregaon,15.91,840 sqft,1 BHK
1 BHK Apartment in Malad,Mumbai,Malad,15.91,325 sqft,1 BHK
2 BHK Apartment in Borivali,Mumbai,Borivali,15.91,840 sqft,2 BHK
2 BHK Apartment in Powai,Mumbai,Powai,15.91,325 sqft,2 BHK
2 BHK Apartment in Goregaon,Mumbai,Goregaon,15.91,840 sqft,2 BHK
2 BHK Apartment in Malad,Mumbai,Malad,15.91,325 sqft,2 BHK
2 BHK Apartment in Thane,Mumbai,Thane,15.91,840 sqft,2 BHK
2 BHK Apartment in Navi Mumbai,Mumbai,Navi Mumbai,15.91,325 sqft,2 BHK
3 BHK Apartment in Goregaon,Mumbai,Goregaon,15.91,840 sqft,3 BHK
3 BHK Apartment in Malad,Mumbai,Malad,15.91,325 sqft,3 BHK
3 BHK Apartment in Thane,Mumbai,Thane,15.91,840 sqft,3 BHK
3 BHK Apartment in Navi Mumbai,Mumbai,Navi Mumbai,15.91,325 sqft,3 BHK
3 BHK Apartment in Kandivali,Mumbai,Kandivali,15.91,840 sqft,3 BHK
3 BHK Apartment in Chembur,Mumbai,Chembur,15.91,325 sqft,3 BHK
1 BHK Apartment in Dwarka,Delhi,Dwarka,95.0,N/A,1 BHK
1 BHK Apartment in Rohini,Delhi,Rohini,95.0,N/A,1 BHK
1 BHK Apartment in Saket,Delhi,Saket,95.0,N/A,1 BHK
1 BHK Apartment in Vasant Kunj,Delhi,Vasant Kunj,95.0,N/A,1 BHK
1 BHK Apartment in Karol Bagh,Delhi,Karol Bagh,95.0,N/A,1 BHK
2 BHK Apartment in Saket,Delhi,Saket,95.0,N/A,2 BHK
2 BHK Apartment in Vasant Kunj,Delhi,Vasant Kunj,95.0,N/A,2 BHK
2 BHK Apartment in Karol Bagh,Delhi,Karol Bagh,95.0,N/A,2 BHK
2 BHK Apartment in Janakpuri,Delhi,Janakpuri,95.0,N/A,2 BHK
2 BHK Apartment in Lajpat Nagar,Delhi,Lajpat Nagar,95.0,N/A,2 BHK
3 BHK Apartment in Karol Bagh,Delhi,Karol Bagh,95.0,N/A,3 BHK
3 BHK Apartment in Janakpuri,Delhi,Janakpuri,95.0,N/A,3 BHK
3 BHK Apartment in Lajpat Nagar,Delhi,Lajpat Nagar,95.0,N/A,3 BHK
3 BHK Apartment in Pitampura,Delhi,Pitampura,95.0,N/A,3 BHK
1 BHK Apartment in Gachibowli,Hyderabad,Gachibowli,77.79,1810 sqft,1 BHK
1 BHK Apartment in Madhapur,Hyderabad,Madhapur,77.79,1801 sqft,1 BHK
1 BHK Apartment in Kukatpally,Hyderabad,Kukatpally,77.79,1810 sqft,1 BHK
1 BHK Apartment in Hitech City,Hyderabad,Hitech City,77.79,1801 sqft,1 BHK
1 BHK Apartment in Kondapur,Hyderabad,Kondapur,77.79,1810 sqft,1 BHK
2 BHK Apartment in Kukatpally,Hyderabad,Kukatpally,77.79,1810 sqft,2 BHK
2 BHK Apartment in Hitech City,Hyderabad,Hitech City,77.79,1801 sqft,2 BHK
2 BHK Apartment in Kondapur,Hyderabad,Kondapur,77.79,1810 sqft,2 BHK
2 BHK Apartment in Manikonda,Hyderabad,Manikonda,77.79,1801 sqft,2 BHK
2 BHK Apartment in Miyapur,Hyderabad,Miyapur,77.79,1810 sqft,2 BHK
3 BHK Apartment in Kondapur,Hyderabad,Kondapur,77.79,1810 sqft,3 BHK
3 BHK Apartment in Manikonda,Hyderabad,Manikonda,77.79,1801 sqft,3 BHK
3 BHK Apartment in Miyapur,Hyderabad,Miyapur,77.79,1810 sqft,3 BHK
3 BHK Apartment in Banjara Hills,Hyderabad,Banjara Hills,77.79,1801 sqft,3 BHK
1 BHK Apartment in Madhapur,Hyderabad,Madhapur,83.99,1801 sqft,1 BHK
1 BHK Apartment in Kukatpally,Hyderabad,Kukatpally,83.99,1810 sqft,1 BHK
1 BHK Apartment in Hitech City,Hyderabad,Hitech City,83.99,1801 sqft,1 BHK
1 BHK Apartment in Kondapur,Hyderabad,Kondapur,83.99,1810 sqft,1 BHK
2 BHK Apartment in Kukatpally,Hyderabad,Kukatpally,83.99,1810 sqft,2 BHK
2 BHK Apartment in Hitech City,Hyderabad,Hitech City,83.99,1801 sqft,2 BHK
2 BHK Apartment in Kondapur,Hyderabad,Kondapur,83.99,1810 sqft,2 BHK
2 BHK Apartment in Manikonda,Hyderabad,Manikonda,83.99,1801 sqft,2 BHK
2 BHK Apartment in Miyapur,Hyderabad,Miyapur,83.99,1810 sqft,2 BHK
3 BHK Apartment in Kondapur,Hyderabad,Kondapur,83.99,1810 sqft,3 BHK
3 BHK Apartment in Manikonda,Hyderabad,Manikonda,83.99,1801 sqft,3 BHK
3 BHK Apartment in Miyapur,Hyderabad,Miyapur,83.99,1810 sqft,3 BHK
3 BHK Apartment in Banjara Hills,Hyderabad,Banjara Hills,83.99,1801 sqft,3 BHK
3 BHK Apartment in Jubilee Hills,Hyderabad,Jubilee Hills,83.99,1810 sqft,3 BHK
2 BHK Apartment in Kukatpally,Hyderabad,Kukatpally,290.0,1810 sqft,2 BHK
2 BHK Apartment in Hitech City,Hyderabad,Hitech City,290.0,1801 sqft,2 BHK
2 BHK Apartment in Kondapur,Hyderabad,Kondapur,290.0,1810 sqft,2 BHK
2 BHK Apartment in Manikonda,Hyderabad,Manikonda,290.0,1801 sqft,2 BHK
2 BHK Apartment in Miyapur,Hyderabad,Miyapur,290.0,1810 sqft,2 BHK
3 BHK Apartment in Kondapur,Hyderabad,Kondapur,290.0,1810 sqft,3 BHK
3 BHK Apartment in Manikonda,Hyderabad,Manikonda,290.0,1801 sqft,3 BHK
3 BHK Apartment in Miyapur,Hyderabad,Miyapur,290.0,1810 sqft,3 BHK
3 BHK Apartment in Banjara Hills,Hyderabad,Banjara Hills,290.0,1801 sqft,3 BHK
3 BHK Apartment in Jubilee Hills,Hyderabad,Jubilee Hills,290.0,1810 sqft,3 BHK
1 BHK Apartment in Miyapur,Hyderabad,Miyapur,290.0,1810 sqft,1 BHK
1 BHK Apartment in Banjara Hills,Hyderabad,Banjara Hills,290.0,1801 sqft,1 BHK
1 BHK Apartment in Jubilee Hills,Hyderabad,Jubilee Hills,290.0,1810 sqft,1 BHK
1 BHK Apartment in Gachibowli,Hyderabad,Gachibowli,290.0,1801 sqft,1 BHK
2 BHK Apartment in Hitech City,Hyderabad,Hitech City,67.0,1801 sqft,2 BHK
2 BHK Apartment in Kondapur,Hyderabad,Kondapur,67.0,1810 sqft,2 BHK
2 BHK Apartment in Manikonda,Hyderabad,Manikonda,67.0,1801 sqft,2 BHK
2 BHK Apartment in Miyapur,Hyderabad,Miyapur,67.0,1810 sqft,2 BHK
3 BHK Apartment in Kondapur,Hyderabad,Kondapur,67.0,1810 sqft,3 BHK
3 BHK Apartment in Manikonda,Hyderabad,Manikonda,67.0,1801 sqft,3 BHK
3 BHK Apartment in Miyapur,Hyderabad,Miyapur,67.0,1810 sqft,3 BHK
3 BHK Apartment in Banjara Hills,Hyderabad,Banjara Hills,67.0,1801 sqft,3 BHK
3 BHK Apartment in Jubilee Hills,Hyderabad,Jubilee Hills,67.0,1810 sqft,3 BHK
1 BHK Apartment in Miyapur,Hyderabad,Miyapur,67.0,1810 sqft,1 BHK
1 BHK Apartment in Banjara Hills,Hyderabad,Banjara Hills,67.0,1801 sqft,1 BHK
1 BHK Apartment in Jubilee Hills,Hyderabad,Jubilee Hills,67.0,1810 sqft,1 BHK
1 BHK Apartment in Gachibowli,Hyderabad,Gachibowli,67.0,1801 sqft,1 BHK
1 BHK Apartment in Madhapur,Hyderabad,Madhapur,67.0,1810 sqft,1 BHK
3 BHK Apartment in Kondapur,Hyderabad,Kondapur,73.8,1810 sqft,3 BHK
3 BHK Apartment in Manikonda,Hyderabad,Manikonda,73.8,1801 sqft,3 BHK
3 BHK Apartment in Miyapur,Hyderabad,Miyapur,73.8,1810 sqft,3 BHK
3 BHK Apartment in Banjara Hills,Hyderabad,Banjara Hills,73.8,1801 sqft,3 BHK
3 BHK Apartment in Jubilee Hills,Hyderabad,Jubilee Hills,73.8,1810 sqft,3 BHK
1 BHK Apartment in Miyapur,Hyderabad,Miyapur,73.8,1810 sqft,1 BHK
1 BHK Apartment in Banjara Hills,Hyderabad,Banjara Hills,73.8,1801 sqft,1 BHK
1 BHK Apartment in Jubilee Hills,Hyderabad,Jubilee Hills,73.8,1810 sqft,1 BHK
1 BHK Apartment in Gachibowli,Hyderabad,Gachibowli,73.8,1801 sqft,1 BHK
1 BHK Apartment in Madhapur,Hyderabad,Madhapur,73.8,1810 sqft,1 BHK
2 BHK Apartment in Jubilee Hills,Hyderabad,Jubilee Hills,73.8,1810 sqft,2 BHK
2 BHK Apartment in Gachibowli,Hyderabad,Gachibowli,73.8,1801 sqft,2 BHK
2 BHK Apartment in Madhapur,Hyderabad,Madhapur,73.8,1810 sqft,2 BHK
2 BHK Apartment in Kukatpally,Hyderabad,Kukatpally,73.8,1801 sqft,2 BHK
3 BHK Apartment in Manikonda,Hyderabad,Manikonda,180.0,1801 sqft,3 BHK
3 BHK Apartment in Miyapur,Hyderabad,Miyapur,180.0,1810 sqft,3 BHK
3 BHK Apartment in Banjara Hills,Hyderabad,Banjara Hills,180.0,1801 sqft,3 BHK
3 BHK Apartment in Jubilee Hills,Hyderabad,Jubilee Hills,180.0,1810 sqft,3 BHK
1 BHK Apartment in Miyapur,Hyderabad,Miyapur,180.0,1810 sqft,1 BHK
1 BHK Apartment in Banjara Hills,Hyderabad,Banjara Hills,180.0,1801 sqft,1 BHK
1 BHK Apartment in Jubilee Hills,Hyderabad,Jubilee Hills,180.0,1810 sqft,1 BHK
1 BHK Apartment in Gachibowli,Hyderabad,Gachibowli,180.0,1801 sqft,1 BHK
1 BHK Apartment in Madhapur,Hyderabad,Madhapur,180.0,1810 sqft,1 BHK
2 BHK Apartment in Jubilee Hills,Hyderabad,Jubilee Hills,180.0,1810 sqft,2 BHK
2 BHK Apartment in Gachibowli,Hyderabad,Gachibowli,180.0,1801 sqft,2 BHK
2 BHK Apartment in Madhapur,Hyderabad,Madhapur,180.0,1810 sqft,2 BHK
2 BHK Apartment in Kukatpally,Hyderabad,Kukatpally,180.0,1801 sqft,2 BHK
2 BHK Apartment in Hitech City,Hyderabad,Hitech City,180.0,1810 sqft,2 BHK
1 BHK Apartment in Miyapur,Hyderabad,Miyapur,67.16,1810 sqft,1 BHK
1 BHK Apartment in Banjara Hills,Hyderabad,Banjara Hills,67.16,1801 sqft,1 BHK
1 BHK Apartment in Jubilee Hills,Hyderabad,Jubilee Hills,67.16,1810 sqft,1 BHK
1 BHK Apartment in Gachibowli,Hyderabad,Gachibowli,67.16,1801 sqft,1 BHK
1 BHK Apartment in Madhapur,Hyderabad,Madhapur,67.16,1810 sqft,1 BHK
2 BHK Apartment in Jubilee Hills,Hyderabad,Jubilee Hills,67.16,1810 sqft,2 BHK
2 BHK Apartment in Gachibowli,Hyderabad,Gachibowli,67.16,1801 sqft,2 BHK
2 BHK Apartment in Madhapur,Hyderabad,Madhapur,67.16,1810 sqft,2 BHK
2 BHK Apartment in Kukatpally,Hyderabad,Kukatpally,67.16,1801 sqft,2 BHK
2 BHK Apartment in Hitech City,Hyderabad,Hitech City,67.16,1810 sqft,2 BHK
1 BHK Apartment in Kukatpally,Hyderabad,Kukatpally,67.16,1801 sqft,1 BHK
1 BHK Apartment in Hitech City,Hyderabad,Hitech City,67.16,1810 sqft,1 BHK
1 BHK Apartment in Kondapur,Hyderabad,Kondapur,67.16,1801 sqft,1 BHK
1 BHK Apartment in Banjara Hills,Hyderabad,Banjara Hills,68.96,1801 sqft,1 BHK
1 BHK Apartment in Jubilee Hills,Hyderabad,Jubilee Hills,68.96,1810 sqft,1 BHK
1 BHK Apartment in Gachibowli,Hyderabad,Gachibowli,68.96,1801 sqft,1 BHK
1 BHK Apartment in Madhapur,Hyderabad,Madhapur,68.96,1810 sqft,1 BHK
2 BHK Apartment in Jubilee Hills,Hyderabad,Jubilee Hills,68.96,1810 sqft,2 BHK
2 BHK Apartment in Gachibowli,Hyderabad,Gachibowli,68.96,1801 sqft,2 BHK
2 BHK Apartment in Madhapur,Hyderabad,Madhapur,68.96,1810 sqft,2 BHK
2 BHK Apartment in Kukatpally,Hyderabad,Kukatpally,68.96,1801 sqft,2 BHK
2 BHK Apartment in Hitech City,Hyderabad,Hitech City,68.96,1810 sqft,2 BHK
1 BHK Apartment in Kukatpally,Hyderabad,Kukatpally,68.96,1801 sqft,1 BHK
1 BHK Apartment in Hitech City,Hyderabad,Hitech City,68.96,1810 sqft,1 BHK
1 BHK Apartment in Kondapur,Hyderabad,Kondapur,68.96,1801 sqft,1 BHK
1 BHK Apartment in Manikonda,Hyderabad,Manikonda,68.96,1810 sqft,1 BHK
2 BHK Apartment in Jubilee Hills,Hyderabad,Jubilee Hills,74.93,1810 sqft,2 BHK
2 BHK Apartment in Gachibowli,Hyderabad,Gachibowli,74.93,1801 sqft,2 BHK
2 BHK Apartment in Madhapur,Hyderabad,Madhapur,74.93,1810 sqft,2 BHK
2 BHK Apartment in Kukatpally,Hyderabad,Kukatpally,74.93,1801 sqft,2 BHK
2 BHK Apartment in Hitech City,Hyderabad,Hitech City,74.93,1810 sqft,2 BHK
1 BHK Apartment in Madhapur,Hyderabad,Madhapur,74.93,1810 sqft,1 BHK
1 BHK Apartment in Kukatpally,Hyderabad,Kukatpally,74.93,1801 sqft,1 BHK
1 BHK Apartment in Hitech City,Hyderabad,Hitech City,74.93,1810 sqft,1 BHK
1 BHK Apartment in Kondapur,Hyderabad,Kondapur,74.93,1801 sqft,1 BHK
1 BHK Apartment in Manikonda,Hyderabad,Manikonda,74.93,1810 sqft,1 BHK
2 BHK Apartment in Kondapur,Hyderabad,Kondapur,74.93,1801 sqft,2 BHK
2 BHK Apartment in Manikonda,Hyderabad,Manikonda,74.93,1810 sqft,2 BHK
2 BHK Apartment in Miyapur,Hyderabad,Miyapur,74.93,1801 sqft,2 BHK
2 BHK Apartment in Gachibowli,Hyderabad,Gachibowli,109.0,1801 sqft,2 BHK
2 BHK Apartment in Madhapur,Hyderabad,Madhapur,109.0,1810 sqft,2 BHK
2 BHK Apartment in Kukatpally,Hyderabad,Kukatpally,109.0,1801 sqft,2 BHK
2 BHK Apartment in Hitech City,Hyderabad,Hitech City,109.0,1810 sqft,2 BHK
1 BHK Apartment in Madhapur,Hyderabad,Madhapur,109.0,1810 sqft,1 BHK
1 BHK Apartment in Kukatpally,Hyderabad,Kukatpally,109.0,1801 sqft,1 BHK
1 BHK Apartment in Hitech City,Hyderabad,Hitech City,109.0,1810 sqft,1 BHK
1 BHK Apartment in Kondapur,Hyderabad,Kondapur,109.0,1801 sqft,1 BHK
1 BHK Apartment in Manikonda,Hyderabad,Manikonda,109.0,1810 sqft,1 BHK
2 BHK Apartment in Kondapur,Hyderabad,Kondapur,109.0,1801 sqft,2 BHK
2 BHK Apartment in Manikonda,Hyderabad,Manikonda,109.0,1810 sqft,2 BHK
2 BHK Apartment in Miyapur,Hyderabad,Miyapur,109.0,1801 sqft,2 BHK
2 BHK Apartment in Banjara Hills,Hyderabad,Banjara Hills,109.0,1810 sqft,2 BHK
1 BHK Apartment in Madhapur,Hyderabad,Madhapur,129.0,1810 sqft,1 BHK
1 BHK Apartment in Kukatpally,Hyderabad,Kukatpally,129.0,1801 sqft,1 BHK
1 BHK Apartment in Hitech City,Hyderabad,Hitech City,129.0,1810 sqft,1 BHK
1 BHK Apartment in Kondapur,Hyderabad,Kondapur,129.0,1801 sqft,1 BHK
1 BHK Apartment in Manikonda,Hyderabad,Manikonda,129.0,1810 sqft,1 BHK
2 BHK Apartment in Hitech City,Hyderabad,Hitech City,129.0,1810 sqft,2 BHK
2 BHK Apartment in Kondapur,Hyderabad,Kondapur,129.0,1801 sqft,2 BHK
2 BHK Apartment in Manikonda,Hyderabad,Manikonda,129.0,1810 sqft,2 BHK
2 BHK Apartment in Miyapur,Hyderabad,Miyapur,129.0,1801 sqft,2 BHK
2 BHK Apartment in Banjara Hills,Hyderabad,Banjara Hills,129.0,1810 sqft,2 BHK
3 BHK Apartment in Manikonda,Hyderabad,Manikonda,129.0,1810 sqft,3 BHK
3 BHK Apartment in Miyapur,Hyderabad,Miyapur,129.0,1801 sqft,3 BHK
3 BHK Apartment in Banjara Hills,Hyderabad,Banjara Hills,129.0,1810 sqft,3 BHK
3 BHK Apartment in Jubilee Hills,Hyderabad,Jubilee Hills,129.0,1801 sqft,3 BHK
1 BHK Apartment in Kukatpally,Hyderabad,Kukatpally,183.0,1801 sqft,1 BHK
1 BHK Apartment in Hitech City,Hyderabad,Hitech City,183.0,1810 sqft,1 BHK
1 BHK Apartment in Kondapur,Hyderabad,Kondapur,183.0,1801 sqft,1 BHK
1 BHK Apartment in Manikonda,Hyderabad,Manikonda,183.0,1810 sqft,1 BHK
2 BHK Apartment in Hitech City,Hyderabad,Hitech City,183.0,1810 sqft,2 BHK
2 BHK Apartment in Kondapur,Hyderabad,Kondapur,183.0,1801 sqft,2 BHK
2 BHK Apartment in Manikonda,Hyderabad,Manikonda,183.0,1810 sqft,2 BHK
2 BHK Apartment in Miyapur,Hyderabad,Miyapur,183.0,1801 sqft,2 BHK
2 BHK Apartment in Banjara Hills,Hyderabad,Banjara Hills,183.0,1810 sqft,2 BHK
3 BHK Apartment in Manikonda,Hyderabad,Manikonda,183.0,1810 sqft,3 BHK
3 BHK Apartment in Miyapur,Hyderabad,Miyapur,183.0,1801 sqft,3 BHK
3 BHK Apartment in Banjara Hills,Hyderabad,Banjara Hills,183.0,1810 sqft,3 BHK
3 BHK Apartment in Jubilee Hills,Hyderabad,Jubilee Hills,183.0,1801 sqft,3 BHK
3 BHK Apartment in Gachibowli,Hyderabad,Gachibowli,183.0,1810 sqft,3 BHK
2 BHK Apartment in Hitech City,Hyderabad,Hitech City,196.0,1810 sqft,2 BHK
2 BHK Apartment in Kondapur,Hyderabad,Kondapur,196.0,1801 sqft,2 BHK
2 BHK Apartment in Manikonda,Hyderabad,Manikonda,196.0,1810 sqft,2 BHK
2 BHK Apartment in Miyapur,Hyderabad,Miyapur,196.0,1801 sqft,2 BHK
2 BHK Apartment in Banjara Hills,Hyderabad,Banjara Hills,196.0,1810 sqft,2 BHK
3 BHK Apartment in Manikonda,Hyderabad,Manikonda,196.0,1810 sqft,3 BHK
3 BHK Apartment in Miyapur,Hyderabad,Miyapur,196.0,1801 sqft,3 BHK
3 BHK Apartment in Banjara Hills,Hyderabad,Banjara Hills,196.0,1810 sqft,3 BHK
3 BHK Apartment in Jubilee Hills,Hyderabad,Jubilee Hills,196.0,1801 sqft,3 BHK
3 BHK Apartment in Gachibowli,Hyderabad,Gachibowli,196.0,1810 sqft,3 BHK
1 BHK Apartment in Banjara Hills,Hyderabad,Banjara Hills,196.0,1810 sqft,1 BHK
1 BHK Apartment in Jubilee Hills,Hyderabad,Jubilee Hills,196.0,1801 sqft,1 BHK
1 BHK Apartment in Gachibowli,Hyderabad,Gachibowli,196.0,1810 sqft,1 BHK
1 BHK Apartment in Madhapur,Hyderabad,Madhapur,196.0,1801 sqft,1 BHK
2 BHK Apartment in Kondapur,Hyderabad,Kondapur,59.07,1801 sqft,2 BHK
2 BHK Apartment in Manikonda,Hyderabad,Manikonda,59.07,1810 sqft,2 BHK
2 BHK Apartment in Miyapur,Hyderabad,Miyapur,59.07,1801 sqft,2 BHK
2 BHK Apartment in Banjara Hills,Hyderabad,Banjara Hills,59.07,1810 sqft,2 BHK
3 BHK Apartment in Manikonda,Hyderabad,Manikonda,59.07,1810 sqft,3 BHK
3 BHK Apartment in Miyapur,Hyderabad,Miyapur,59.07,1801 sqft,3 BHK
3 BHK Apartment in Banjara Hills,Hyderabad,Banjara Hills,59.07,1810 sqft,3 BHK
3 BHK Apartment in Jubilee Hills,Hyderabad,Jubilee Hills,59.07,1801 sqft,3 BHK
3 BHK Apartment in Gachibowli,Hyderabad,Gachibowli,59.07,1810 sqft,3 BHK
1 BHK Apartment in Banjara Hills,Hyderabad,Banjara Hills,59.07,1810 sqft,1 BHK
1 BHK Apartment in Jubilee Hills,Hyderabad,Jubilee Hills,59.07,1801 sqft,1 BHK
1 BHK Apartment in Gachibowli,Hyderabad,Gachibowli,59.07,1810 sqft,1 BHK
1 BHK Apartment in Madhapur,Hyderabad,Madhapur,59.07,1801 sqft,1 BHK
1 BHK Apartment in Kukatpally,Hyderabad,Kukatpally,59.07,1810 sqft,1 BHK
3 BHK Apartment in Manikonda,Hyderabad,Manikonda,116.0,1810 sqft,3 BHK
3 BHK Apartment in Miyapur,Hyderabad,Miyapur,116.0,1801 sqft,3 BHK
3 BHK Apartment in Banjara Hills,Hyderabad,Banjara Hills,116.0,1810 sqft,3 BHK
3 BHK Apartment in Jubilee Hills,Hyderabad,Jubilee Hills,116.0,1801 sqft,3 BHK
3 BHK Apartment in Gachibowli,Hyderabad,Gachibowli,116.0,1810 sqft,3 BHK
1 BHK Apartment in Banjara Hills,Hyderabad,Banjara Hills,116.0,1810 sqft,1 BHK
1 BHK Apartment in Jubilee Hills,Hyderabad,Jubilee Hills,116.0,1801 sqft,1 BHK
1 BHK Apartment in Gachibowli,Hyderabad,Gachibowli,116.0,1810 sqft,1 BHK
1 BHK Apartment in Madhapur,Hyderabad,Madhapur,116.0,1801 sqft,1 BHK
1 BHK Apartment in Kukatpally,Hyderabad,Kukatpally,116.0,1810 sqft,1 BHK
2 BHK Apartment in Gachibowli,Hyderabad,Gachibowli,116.0,1810 sqft,2 BHK
2 BHK Apartment in Madhapur,Hyderabad,Madhapur,116.0,1801 sqft,2 BHK
2 BHK Apartment in Kukatpally,Hyderabad,Kukatpally,116.0,1810 sqft,2 BHK
2 BHK Apartment in Hitech City,Hyderabad,Hitech City,116.0,1801 sqft,2 BHK
3 BHK Apartment in Miyapur,Hyderabad,Miyapur,91.35,1801 sqft,3 BHK
3 BHK Apartment in Banjara Hills,Hyderabad,Banjara Hills,91.35,1810 sqft,3 BHK
3 BHK Apartment in Jubilee Hills,Hyderabad,Jubilee Hills,91.35,1801 sqft,3 BHK
3 BHK Apartment in Gachibowli,Hyderabad,Gachibowli,91.35,1810 sqft,3 BHK
1 BHK Apartment in Banjara Hills,Hyderabad,Banjara Hills,91.35,1810 sqft,1 BHK
1 BHK Apartment in Jubilee Hills,Hyderabad,Jubilee Hills,91.35,1801 sqft,1 BHK
1 BHK Apartment in Gachibowli,Hyderabad,Gachibowli,91.35,1810 sqft,1 BHK
1 BHK Apartment in Madhapur,Hyderabad,Madhapur,91.35,1801 sqft,1 BHK
1 BHK Apartment in Kukatpally,Hyderabad,Kukatpally,91.35,1810 sqft,1 BHK
2 BHK Apartment in Gachibowli,Hyderabad,Gachibowli,91.35,1810 sqft,2 BHK
2 BHK Apartment in Madhapur,Hyderabad,Madhapur,91.35,1801 sqft,2 BHK
2 BHK Apartment in Kukatpally,Hyderabad,Kukatpally,91.35,1810 sqft,2 BHK
2 BHK Apartment in Hitech City,Hyderabad,Hitech City,91.35,1801 sqft,2 BHK
2 BHK Apartment in Kondapur,Hyderabad,Kondapur,91.35,1810 sqft,2 BHK
1 BHK Apartment in Banjara Hills,Hyderabad,Banjara Hills,66.68,1810 sqft,1 BHK
1 BHK Apartment in Jubilee Hills,Hyderabad,Jubilee Hills,66.68,1801 sqft,1 BHK
1 BHK Apartment in Gachibowli,Hyderabad,Gachibowli,66.68,1810 sqft,1 BHK
1 BHK Apartment in Madhapur,Hyderabad,Madhapur,66.68,1801 sqft,1 BHK
1 BHK Apartment in Kukatpally,Hyderabad,Kukatpally,66.68,1810 sqft,1 BHK
2 BHK Apartment in Gachibowli,Hyderabad,Gachibowli,66.68,1810 sqft,2 BHK
2 BHK Apartment in Madhapur,Hyderabad,Madhapur,66.68,1801 sqft,2 BHK
2 BHK Apartment in Kukatpally,Hyderabad,Kukatpally,66.68,1810 sqft,2 BHK
2 BHK Apartment in Hitech City,Hyderabad,Hitech City,66.68,1801 sqft,2 BHK
2 BHK Apartment in Kondapur,Hyderabad,Kondapur,66.68,1810 sqft,2 BHK
3 BHK Apartment in Kukatpally,Hyderabad,Kukatpally,66.68,1810 sqft,3 BHK
3 BHK Apartment in Hitech City,Hyderabad,Hitech City,66.68,1801 sqft,3 BHK
3 BHK Apartment in Kondapur,Hyderabad,Kondapur,66.68,1810 sqft,3 BHK
3 BHK Apartment in Manikonda,Hyderabad,Manikonda,66.68,1801 sqft,3 BHK
1 BHK Apartment in Jubilee Hills,Hyderabad,Jubilee Hills,151.0,1801 sqft,1 BHK
1 BHK Apartment in Gachibowli,Hyderabad,Gachibowli,151.0,1810 sqft,1 BHK
1 BHK Apartment in Madhapur,Hyderabad,Madhapur,151.0,1801 sqft,1 BHK
1 BHK Apartment in Kukatpally,Hyderabad,Kukatpally,151.0,1810 sqft,1 BHK
2 BHK Apartment in Gachibowli,Hyderabad,Gachibowli,151.0,1810 sqft,2 BHK
2 BHK Apartment in Madhapur,Hyderabad,Madhapur,151.0,1801 sqft,2 BHK
2 BHK Apartment in Kukatpally,Hyderabad,Kukatpally,151.0,1810 sqft,2 BHK
2 BHK Apartment in Hitech City,Hyderabad,Hitech City,151.0,1801 sqft,2 BHK
2 BHK Apartment in Kondapur,Hyderabad,Kondapur,151.0,1810 sqft,2 BHK
3 BHK Apartment in Kukatpally,Hyderabad,Kukatpally,151.0,1810 sqft,3 BHK
3 BHK Apartment in Hitech City,Hyderabad,Hitech City,151.0,1801 sqft,3 BHK
3 BHK Apartment in Kondapur,Hyderabad,Kondapur,151.0,1810 sqft,3 BHK
3 BHK Apartment in Manikonda,Hyderabad,Manikonda,151.0,1801 sqft,3 BHK
4 BHK Apartment in Hitech City,Hyderabad,Hitech City,151.0,1801 sqft,4 BHK
4 BHK Apartment in Kondapur,Hyderabad,Kondapur,151.0,1810 sqft,4 BHK
4 BHK Apartment in Manikonda,Hyderabad,Manikonda,151.0,1801 sqft,4 BHK
4 BHK Apartment in Miyapur,Hyderabad,Miyapur,151.0,1810 sqft,4 BHK
2 BHK Apartment in Gachibowli,Hyderabad,Gachibowli,122.0,1810 sqft,2 BHK
2 BHK Apartment in Madhapur,Hyderabad,Madhapur,122.0,1801 sqft,2 BHK
2 BHK Apartment in Kukatpally,Hyderabad,Kukatpally,122.0,1810 sqft,2 BHK
2 BHK Apartment in Hitech City,Hyderabad,Hitech City,122.0,1801 sqft,2 BHK
2 BHK Apartment in Kondapur,Hyderabad,Kondapur,122.0,1810 sqft,2 BHK
3 BHK Apartment in Kukatpally,Hyderabad,Kukatpally,122.0,1810 sqft,3 BHK
3 BHK Apartment in Hitech City,Hyderabad,Hitech City,122.0,1801 sqft,3 BHK
3 BHK Apartment in Kondapur,Hyderabad,Kondapur,122.0,1810 sqft,3 BHK
3 BHK Apartment in Manikonda,Hyderabad,Manikonda,122.0,1801 sqft,3 BHK
4 BHK Apartment in Hitech City,Hyderabad,Hitech City,122.0,1801 sqft,4 BHK
4 BHK Apartment in Kondapur,Hyderabad,Kondapur,122.0,1810 sqft,4 BHK
4 BHK Apartment in Manikonda,Hyderabad,Manikonda,122.0,1801 sqft,4 BHK
4 BHK Apartment in Miyapur,Hyderabad,Miyapur,122.0,1810 sqft,4 BHK
4 BHK Apartment in Banjara Hills,Hyderabad,Banjara Hills,122.0,1801 sqft,4 BHK
2 BHK Apartment in Madhapur,Hyderabad,Madhapur,87.74,1801 sqft,2 BHK
2 BHK Apartment in Kukatpally,Hyderabad,Kukatpally,87.74,1810 sqft,2 BHK
2 BHK Apartment in Hitech City,Hyderabad,Hitech City,87.74,1801 sqft,2 BHK
2 BHK Apartment in Kondapur,Hyderabad,Kondapur,87.74,1810 sqft,2 BHK
3 BHK Apartment in Kukatpally,Hyderabad,Kukatpally,87.74,1810 sqft,3 BHK
3 BHK Apartment in Hitech City,Hyderabad,Hitech City,87.74,1801 sqft,3 BHK
3 BHK Apartment in Kondapur,Hyderabad,Kondapur,87.74,1810 sqft,3 BHK
3 BHK Apartment in Manikonda,Hyderabad,Manikonda,87.74,1801 sqft,3 BHK
4 BHK Apartment in Hitech City,Hyderabad,Hitech City,87.74,1801 sqft,4 BHK
4 BHK Apartment in Kondapur,Hyderabad,Kondapur,87.74,1810 sqft,4 BHK
4 BHK Apartment in Manikonda,Hyderabad,Manikonda,87.74,1801 sqft,4 BHK
4 BHK Apartment in Miyapur,Hyderabad,Miyapur,87.74,1810 sqft,4 BHK
4 BHK Apartment in Banjara Hills,Hyderabad,Banjara Hills,87.74,1801 sqft,4 BHK
5 BHK Apartment in Manikonda,Hyderabad,Manikonda,87.74,1801 sqft,5 BHK
5 BHK Apartment in Miyapur,Hyderabad,Miyapur,87.74,1810 sqft,5 BHK
5 BHK Apartment in Banjara Hills,Hyderabad,Banjara Hills,87.74,1801 sqft,5 BHK
5 BHK Apartment in Jubilee Hills,Hyderabad,Jubilee Hills,87.74,1810 sqft,5 BHK
3 BHK Apartment in Kukatpally,Hyderabad,Kukatpally,111.0,1810 sqft,3 BHK
3 BHK Apartment in Hitech City,Hyderabad,Hitech City,111.0,1801 sqft,3 BHK
3 BHK Apartment in Kondapur,Hyderabad,Kondapur,111.0,1810 sqft,3 BHK
3 BHK Apartment in Manikonda,Hyderabad,Manikonda,111.0,1801 sqft,3 BHK
4 BHK Apartment in Hitech City,Hyderabad,Hitech City,111.0,1801 sqft,4 BHK
4 BHK Apartment in Kondapur,Hyderabad,Kondapur,111.0,1810 sqft,4 BHK
4 BHK Apartment in Manikonda,Hyderabad,Manikonda,111.0,1801 sqft,4 BHK
4 BHK Apartment in Miyapur,Hyderabad,Miyapur,111.0,1810 sqft,4 BHK
4 BHK Apartment in Banjara Hills,Hyderabad,Banjara Hills,111.0,1801 sqft,4 BHK
5 BHK Apartment in Manikonda,Hyderabad,Manikonda,111.0,1801 sqft,5 BHK
5 BHK Apartment in Miyapur,Hyderabad,Miyapur,111.0,1810 sqft,5 BHK
5 BHK Apartment in Banjara Hills,Hyderabad,Banjara Hills,111.0,1801 sqft,5 BHK
5 BHK Apartment in Jubilee Hills,Hyderabad,Jubilee Hills,111.0,1810 sqft,5 BHK
3 BHK Apartment in Miyapur,Hyderabad,Miyapur,111.0,1810 sqft,3 BHK
3 BHK Apartment in Banjara Hills,Hyderabad,Banjara Hills,111.0,1801 sqft,3 BHK
3 BHK Apartment in Jubilee Hills,Hyderabad,Jubilee Hills,111.0,1810 sqft,3 BHK
3 BHK Apartment in Gachibowli,Hyderabad,Gachibowli,111.0,1801 sqft,3 BHK
4 BHK Apartment in Hitech City,Hyderabad,Hitech City,133.0,1801 sqft,4 BHK
4 BHK Apartment in Kondapur,Hyderabad,Kondapur,133.0,1810 sqft,4 BHK
4 BHK Apartment in Manikonda,Hyderabad,Manikonda,133.0,1801 sqft,4 BHK
4 BHK Apartment in Miyapur,Hyderabad,Miyapur,133.0,1810 sqft,4 BHK
4 BHK Apartment in Banjara Hills,Hyderabad,Banjara Hills,133.0,1801 sqft,4 BHK
5 BHK Apartment in Manikonda,Hyderabad,Manikonda,133.0,1801 sqft,5 BHK
5 BHK Apartment in Miyapur,Hyderabad,Miyapur,133.0,1810 sqft,5 BHK
5 BHK Apartment in Banjara Hills,Hyderabad,Banjara Hills,133.0,1801 sqft,5 BHK
5 BHK Apartment in Jubilee Hills,Hyderabad,Jubilee Hills,133.0,1810 sqft,5 BHK
3 BHK Apartment in Miyapur,Hyderabad,Miyapur,133.0,1810 sqft,3 BHK
3 BHK Apartment in Banjara Hills,Hyderabad,Banjara Hills,133.0,1801 sqft,3 BHK
3 BHK Apartment in Jubilee Hills,Hyderabad,Jubilee Hills,133.0,1810 sqft,3 BHK
3 BHK Apartment in Gachibowli,Hyderabad,Gachibowli,133.0,1801 sqft,3 BHK
5 BHK Apartment in Gachibowli,Hyderabad,Gachibowli,133.0,1801 sqft,5 BHK
5 BHK Apartment in Madhapur,Hyderabad,Madhapur,133.0,1810 sqft,5 BHK
4 BHK Apartment in Kondapur,Hyderabad,Kondapur,96.37,1810 sqft,4 BHK
4 BHK Apartment in Manikonda,Hyderabad,Manikonda,96.37,1801 sqft,4 BHK
4 BHK Apartment in Miyapur,Hyderabad,Miyapur,96.37,1810 sqft,4 BHK
4 BHK Apartment in Banjara Hills,Hyderabad,Banjara Hills,96.37,1801 sqft,4 BHK
5 BHK Apartment in Manikonda,Hyderabad,Manikonda,96.37,1801 sqft,5 BHK
5 BHK Apartment in Miyapur,Hyderabad,Miyapur,96.37,1810 sqft,5 BHK
5 BHK Apartment in Banjara Hills,Hyderabad,Banjara Hills,96.37,1801 sqft,5 BHK
5 BHK Apartment in Jubilee Hills,Hyderabad,Jubilee Hills,96.37,1810 sqft,5 BHK
3 BHK Apartment in Miyapur,Hyderabad,Miyapur,96.37,1810 sqft,3 BHK
3 BHK Apartment in Banjara Hills,Hyderabad,Banjara Hills,96.37,1801 sqft,3 BHK
3 BHK Apartment in Jubilee Hills,Hyderabad,Jubilee Hills,96.37,1810 sqft,3 BHK
3 BHK Apartment in Gachibowli,Hyderabad,Gachibowli,96.37,1801 sqft,3 BHK
5 BHK Apartment in Gachibowli,Hyderabad,Gachibowli,96.37,1801 sqft,5 BHK
5 BHK Apartment in Madhapur,Hyderabad,Madhapur,96.37,1810 sqft,5 BHK
4 BHK Apartment in Jubilee Hills,Hyderabad,Jubilee Hills,96.37,1810 sqft,4 BHK
4 BHK Apartment in Gachibowli,Hyderabad,Gachibowli,96.37,1801 sqft,4 BHK
4 BHK Apartment in Madhapur,Hyderabad,Madhapur,96.37,1810 sqft,4 BHK
4 BHK Apartment in Kukatpally,Hyderabad,Kukatpally,96.37,1801 sqft,4 BHK
